pika_treatment,posion_plant_treatment,emmean,SE,df,lower.CL,upper.CL
no pika,No S. chamaejasme,151.7166662100847,6.436813685700996,185,139.01766994020622,164.41566247996317
pika,No S. chamaejasme,150.92083267197708,6.436813685699737,185,138.2218364021011,163.61982894185306
no pika,S. chamaejasme,106.37916587875421,6.4368136857255625,185,93.68016960882727,119.07816214868114
pika,S. chamaejasme,149.52916564849548,6.4368136857099,185,136.83016937859944,162.22816191839152
