pika_treatment,posion_plant_treatment,emmean,SE,df,lower.CL,upper.CL,.group
no pika,S. chamaejasme,106.37916587875421,6.4368136857255625,185,90.18805754438466,122.57027421312375,a
pika,S. chamaejasme,149.52916564849548,6.4368136857099,185,133.33805731416533,165.72027398282563,b
pika,No S. chamaejasme,150.92083267197708,6.436813685699737,185,134.7297243376725,167.11194100628165,b
no pika,No S. chamaejasme,151.7166662100847,6.436813685700996,185,135.52555787577694,167.90777454439245,b
