pika_treatment,posion_plant_treatment,emmean,SE,df,lower.CL,upper.CL,.group
no pika,S. chamaejasme,106.37855461860077,7.4919849939889405,184,87.53227112970593,125.22483810749561,a
pika,S. chamaejasme,149.52853429944113,7.491984993972895,184,130.68225081058665,168.37481778829562,b
pika,No S. chamaejasme,150.92060157263188,7.491984994181773,184,132.07431808325197,169.7668850620118,b
no pika,No S. chamaejasme,151.7160910719704,7.491984993996158,184,132.8698075830574,170.5623745608834,b
