effect,component,group,term,estimate,std.error,statistic,p.value
fixed,cond,NA,(Intercept),0.024304467147556612,0.07630492603648732,0.3185176686487417,0.7500922943586046
fixed,cond,NA,pika_treatmentpika,0.11506085819296126,0.0767697981074857,1.4987776577432717,0.13393132256895265
fixed,cond,NA,posion_plant_treatmentS. chamaejasme,-0.26939400660362034,0.07684013585006812,-3.5059022686954493,4.55062277605025e-4
fixed,cond,NA,pika_treatmentpika:posion_plant_treatmentS. chamaejasme,0.1928824160708708,0.1086800564018824,1.7747728742210147,0.07593539696652146
ran_pars,cond,block,sd__(Intercept),0.08277581767667279,NA,NA,NA
ran_pars,cond,year,sd__(Intercept),1.3046189844759569e-5,NA,NA,NA
ran_pars,cond,month,sd__(Intercept),0.059534205851424715,NA,NA,NA
