pika_treatment,posion_plant_treatment,response,SE,df,asymp.LCL,asymp.UCL,.group
no pika,S. chamaejasme,0.4390324975123137,0.018870305283659863,Inf,0.402451030310883,0.47628873214013423,a
no pika,No S. chamaejasme,0.5060758177041006,0.01907341466998742,Inf,0.4687282611168366,0.5433556888209111,b
pika,S. chamaejasme,0.5157082626310491,0.019080330212118773,Inf,0.478293379010771,0.5529478806784017,b
pika,No S. chamaejasme,0.5347850479406298,0.019044968628912466,Inf,0.49733236057280955,0.5718495573049621,b
