pika_treatment,posion_plant_treatment,response,SE,df,asymp.LCL,asymp.UCL,.group
no pika,S. chamaejasme,0.29330994930105725,0.005258779210493965,Inf,0.28310986669361915,0.3037218323025918,a
no pika,No S. chamaejasme,0.3062364763676217,0.005369277008858445,Inf,0.29581503940565357,0.31685985403326594,b
pika,No S. chamaejasme,0.3081376094078387,0.005385441958884866,Inf,0.2976837773946178,0.31879191450021066,b
pika,S. chamaejasme,0.31175566766351664,0.0054154256686770146,Inf,0.3012416792018487,0.3224672697251821,b
