pika_treatment,posion_plant_treatment,emmean,SE,df,lower.CL,upper.CL
no pika,No S. chamaejasme,81.22083356691834,5.808751425612439,183,69.76009779212023,92.68156934171645
pika,No S. chamaejasme,87.41664201884291,5.80875142523078,183,75.95590624479782,98.877377792888
no pika,S. chamaejasme,92.5770658429534,5.808751425026759,183,81.11633006931085,104.03780161659596
pika,S. chamaejasme,95.52499424853103,5.808751425781856,183,84.06425847339867,106.9857300236634
