effect,component,group,term,estimate,std.error,statistic,p.value
fixed,cond,NA,(Intercept),4.39392967138484,0.06747697411206349,65.11746753918676,0
fixed,cond,NA,pika_treatmentpika,0.07399614800527587,0.06981766174386068,1.05984855632583,0.2892135025317365
fixed,cond,NA,posion_plant_treatmentS. chamaejasme,0.13083990929606504,0.06896506665546454,1.8971910800828287,0.057802723686118884
fixed,cond,NA,pika_treatmentpika:posion_plant_treatmentS. chamaejasme,-0.04264887384670718,0.09637737610331773,-0.4425195577122484,0.658113280918351
ran_pars,cond,block,sd__(Intercept),0.06420416735791565,NA,NA,NA
ran_pars,cond,year,sd__(Intercept),4.342815010397505e-4,NA,NA,NA
ran_pars,cond,month,sd__(Intercept),0.05477420872841108,NA,NA,NA
