pika_treatment,posion_plant_treatment,response,SE,df,asymp.LCL,asymp.UCL,.group
no pika,S. chamaejasme,186.76884461710472,8.569187115705727,Inf,170.70657372212415,204.34246062714632,a
pika,S. chamaejasme,276.96568901052973,11.346184799073987,Inf,255.5969240539739,300.1209547923932,b
no pika,No S. chamaejasme,283.762846107015,11.548605105675543,Inf,262.0072184959646,307.32494048439224,b
pika,No S. chamaejasme,295.1138218882159,11.891220253209164,Inf,272.70400281055566,319.3651980604463,b
