contrast,estimate,SE,df,t.ratio,p.value
no pika No S. chamaejasme - pika No S. chamaejasme,-6.1958084519245595,6.049641166663424,183,-1.0241613149002278,0.7355162630284972
no pika No S. chamaejasme - no pika S. chamaejasme,-11.356232276035053,6.049641165999889,183,-1.8771745239799007,0.24147141384892368
no pika No S. chamaejasme - pika S. chamaejasme,-14.304160681612679,6.04964116517203,183,-2.364464319629761,0.08770639647890488
pika No S. chamaejasme - no pika S. chamaejasme,-5.160423824110493,6.049641165257637,183,-0.8530132090720005,0.8288860967654386
pika No S. chamaejasme - pika S. chamaejasme,-8.108352229688117,6.049641166907728,183,-1.3403030040925055,0.5385300065118978
no pika S. chamaejasme - pika S. chamaejasme,-2.9479284055776236,6.049641166181028,183,-0.48728979531170596,0.9618460230121664
