pika_treatment,posion_plant_treatment,response,SE,df,asymp.LCL,asymp.UCL
no pika,No S. chamaejasme,0.5112649944849967,0.01906856037096718,Inf,0.4738979794666474,0.5485065344145496
pika,No S. chamaejasme,0.5399378789314675,0.01902312262064206,Inf,0.5024990773907423,0.5769313304183571
no pika,S. chamaejasme,0.4442009782221769,0.018905591832348932,Inf,0.40752269274999875,0.48149761892011095
pika,S. chamaejasme,0.5208805336852681,0.019069782352252145,Inf,0.48345734102329574,0.5580708313623617
