pika_treatment,posion_plant_treatment,response,SE,df,asymp.LCL,asymp.UCL,.group
no pika,S. chamaejasme,0.4442009782221769,0.018905591832348932,Inf,0.39774398185301535,0.49165447771664045,a
no pika,No S. chamaejasme,0.5112649944849967,0.01906856037096718,Inf,0.46380802120475295,0.5585197649635567,b
pika,S. chamaejasme,0.5208805336852681,0.019069782352252145,Inf,0.47333381506330563,0.5680519432454422,b
pika,No S. chamaejasme,0.5399378789314675,0.01902312262064206,Inf,0.4923344946954491,0.5868235796729266,b
