contrast,odds.ratio,SE,df,null,z.ratio,p.value
no pika No S. chamaejasme / pika No S. chamaejasme,0.89134389270718,0.06844639017000938,Inf,1,-1.497913890397824,0.43871552879272113
no pika No S. chamaejasme / no pika S. chamaejasme,1.3089132961537824,0.10050642027210127,Inf,1,3.5058044678128972,0.002566979132083591
no pika No S. chamaejasme / pika S. chamaejasme,0.9622286881234446,0.07372777904331873,Inf,1,-0.5025083026389401,0.958501861274371
pika No S. chamaejasme / no pika S. chamaejasme,1.4684717165429442,0.11315567523094897,Inf,1,4.986223175410486,3.672722738157219e-6
pika No S. chamaejasme / pika S. chamaejasme,1.0795257543090067,0.08300155116156128,Inf,1,0.9952498872324455,0.7521336278953532
no pika S. chamaejasme / pika S. chamaejasme,0.7351355440814421,0.0565218394640499,Inf,1,-4.002019231083319,3.6560715805145083e-4
