pika_treatment,posion_plant_treatment,emmean,SE,df,lower.CL,upper.CL,.group
no pika,S. chamaejasme,106.37855461860077,7.4919849939889405,184,91.5973136809873,121.15979555621425,a
pika,S. chamaejasme,149.52853429944113,7.491984993972895,184,134.74729336185933,164.30977523702293,b
pika,No S. chamaejasme,150.92060157263188,7.491984994181773,184,136.13936063463797,165.7018425106258,b
no pika,No S. chamaejasme,151.7160910719704,7.491984993996158,184,136.9348501343427,166.4973320095981,b
