pika_treatment,posion_plant_treatment,response,SE,df,asymp.LCL,asymp.UCL
no pika,No S. chamaejasme,0.039547151328196015,0.008017675114765133,Inf,0.026503174165079333,0.058624335102062525
pika,No S. chamaejasme,0.03596149993316667,0.0073793392018209674,Inf,0.02398915533637769,0.05358090202093512
no pika,S. chamaejasme,0.23882118265275792,0.032650094438443536,Inf,0.1807643074914544,0.30850270224978393
pika,S. chamaejasme,0.08325227609914254,0.01467851718339859,Inf,0.05864006780573309,0.11691168849404746
