pika_treatment,posion_plant_treatment,response,SE,df,asymp.LCL,asymp.UCL,.group
pika,No S. chamaejasme,0.03596149993316667,0.0073793392018209674,Inf,0.021480654625478945,0.059609693144239334,a
no pika,No S. chamaejasme,0.039547151328196015,0.008017675114765133,Inf,0.023759979743700366,0.06512425204030708,a
pika,S. chamaejasme,0.08325227609914254,0.01467851718339859,Inf,0.05325073685729147,0.1278737145914173,b
no pika,S. chamaejasme,0.23882118265275792,0.032650094438443536,Inf,0.1670694442016858,0.32920879431528904,c
