plant_group,emmean,SE,df,lower.CL,upper.CL,.group
Grasses,14.666676529643745,3.2350827651989436,113,8.257394094150726,21.075958965136763, a  
Sedges,17.666675173003632,3.2350827651988125,113,11.257392737510873,24.075957608496392, a  
Forbs,36.33332790372289,3.2350827651973177,113,29.924045468233093,42.74261033921269,  b 
S. chamaejasme,59.99998936263634,3.2350827652016623,113,53.59070692713794,66.40927179813474,   c
