pika_treatment,posion_plant_treatment,emmean,SE,df,lower.CL,upper.CL
no pika,No S. chamaejasme,0.3215277516625267,0.029781147374122904,184,0.26277131860924724,0.3802841847158061
pika,No S. chamaejasme,0.33194442910375127,0.029781147374122807,184,0.273187996050472,0.39070086215703054
no pika,S. chamaejasme,0.21319445173089144,0.029781147374122862,184,0.1544380186776121,0.2719508847841708
pika,S. chamaejasme,0.35555553219592223,0.029781147374122914,184,0.2967990991426428,0.41431196524920166
