pika_treatment,posion_plant_treatment,emmean,SE,df,lower.CL,upper.CL,.group
no pika,S. chamaejasme,0.21319445173089144,0.029781147374122862,184,0.13827919943292294,0.28810970402885994,a
no pika,No S. chamaejasme,0.3215277516625267,0.029781147374122904,184,0.24661249936455806,0.39644300396049525,b
pika,No S. chamaejasme,0.33194442910375127,0.029781147374122807,184,0.2570291768057829,0.40685968140171963,b
pika,S. chamaejasme,0.35555553219592223,0.029781147374122914,184,0.2806402798979536,0.43047078449389087,b
