pika_treatment,posion_plant_treatment,response,SE,df,asymp.LCL,asymp.UCL
no pika,No S. chamaejasme,0.5097697750709129,0.03111189297115861,Inf,0.4489480659061968,0.570303613690913
pika,No S. chamaejasme,0.5299090667715082,0.031143599914458996,Inf,0.4687261628751994,0.5902060892634751
no pika,S. chamaejasme,0.2879046254668954,0.026575160166955873,Inf,0.2387321405206343,0.3426466228993139
pika,S. chamaejasme,0.5444085487874353,0.030810408619478605,Inf,0.4836642500265258,0.6038596598268027
