contrast,odds.ratio,SE,df,null,z.ratio,p.value
no pika No S. chamaejasme / pika No S. chamaejasme,0.9224748245135149,0.11110650641427829,Inf,1,-0.6699813293689667,0.9084388481853717
no pika No S. chamaejasme / no pika S. chamaejasme,2.5719559167022337,0.32215504964334757,Inf,1,7.5418374630159155,3.035349749325178e-13
no pika No S. chamaejasme / pika S. chamaejasme,0.8702111188896758,0.10409113419355615,Inf,1,-1.1622147829132046,0.6507529504472731
pika No S. chamaejasme / no pika S. chamaejasme,2.788104182744071,0.3509615061504492,Inf,1,8.145667379216038,5.051514762044462e-14
pika No S. chamaejasme / pika S. chamaejasme,0.943344030389771,0.11337339206268243,Inf,1,-0.48529747779809207,0.9623870548157992
no pika S. chamaejasme / pika S. chamaejasme,0.33834604755024805,0.042292364204968985,Inf,1,-8.669671580368508,3.3306690738754696e-14
