pika_treatment,posion_plant_treatment,response,SE,df,asymp.LCL,asymp.UCL,.group
no pika,S. chamaejasme,0.2879046254668954,0.026575160166955873,Inf,0.22644972673308567,0.358312139045843,a
no pika,No S. chamaejasme,0.5097697750709129,0.03111189297115861,Inf,0.43265605027313236,0.5864213390789398,b
pika,No S. chamaejasme,0.5299090667715082,0.031143599914458996,Inf,0.4522362627564334,0.6061596668315642,b
pika,S. chamaejasme,0.5444085487874353,0.030810408619478605,Inf,0.46721663990398515,0.6195241207172512,b
