pika_treatment,posion_plant_treatment,emmean,SE,df,lower.CL,upper.CL
no pika,No S. chamaejasme,20.208539829844728,17.10490254835151,89,-13.77853719086043,54.19561685054988
pika,No S. chamaejasme,169.87484973752555,17.104902548387642,89,135.8877727167486,203.8619267583025
no pika,S. chamaejasme,17.79174183320699,17.10490254837547,89,-16.195335187545773,51.778818853959756
pika,S. chamaejasme,195.87503011791108,17.104902548340267,89,161.88795309722826,229.8621071385939
