plant_group,emmean,SE,df,lower.CL,upper.CL,.group
Grasses,14.666676529643745,3.2350827651989436,113,6.4779540295966065,22.855399029690883,a
Sedges,17.666675173003632,3.2350827651988125,113,9.477952672956826,25.85539767305044,a
Forbs,36.33332790372289,3.2350827651973177,113,28.14460540367987,44.52205040376591,b
S. chamaejasme,59.99998936263634,3.2350827652016623,113,51.81126686258232,68.18871186269035,c
