pika_treatment,posion_plant_treatment,emmean,SE,df,lower.CL,upper.CL
no pika,No S. chamaejasme,583.5416755462257,18.08115021232237,183,547.8673507379451,619.2160003545064
pika,No S. chamaejasme,575.3124970303872,18.081150211865076,183,539.6381722230088,610.9868218377657
no pika,S. chamaejasme,696.6041688627402,18.081150212364893,183,660.9298440543756,732.2784936711047
pika,S. chamaejasme,552.2291636914867,18.081150212373455,183,516.5548388831053,587.9034884998682
