pika_treatment,posion_plant_treatment,emmean,SE,df,lower.CL,upper.CL
no pika,No S. chamaejasme,583.5417035445083,15.190437258959603,184,553.5718740196851,613.5115330693316
pika,No S. chamaejasme,575.3123885092857,15.190437258607277,184,545.3425589851576,605.2822180334139
no pika,S. chamaejasme,696.6041417289196,15.190437258586938,184,666.6343122048315,726.5739712530076
pika,S. chamaejasme,552.229243439485,15.190437258927213,184,522.2594139147257,582.1990729642444
