effect,component,group,term,estimate,std.error,statistic,p.value
fixed,cond,NA,(Intercept),583.5417035445083,15.190437258959603,38.41506953332265,0
fixed,cond,NA,pika_treatmentpika,-8.229315035222566,20.98085122333825,-0.39222979790584517,0.6948884289855451
fixed,cond,NA,posion_plant_treatmentS. chamaejasme,113.06243818441118,20.98085122336267,5.388839422230567,7.091413026904255e-8
fixed,cond,NA,pika_treatmentpika:posion_plant_treatmentS. chamaejasme,-136.1455832542118,29.671404351432244,-4.588444201753465,4.4656163131748186e-6
ran_pars,cond,block,sd__(Intercept),6.527273573905956,NA,NA,NA
ran_pars,cond,year,sd__(Intercept),2.444133406955449e-17,NA,NA,NA
ran_pars,cond,month,sd__(Intercept),4.025767185309086e-5,NA,NA,NA
ran_pars,cond,Residual,sd__Observation,102.78475973446622,NA,NA,NA
