contrast,estimate,SE,df,t.ratio,p.value
no pika No S. chamaejasme - pika No S. chamaejasme,8.229178515838543,25.57060638625296,183,0.32182179771312114,0.9884426518168405
no pika No S. chamaejasme - no pika S. chamaejasme,-113.06249331651443,25.570606386959753,183,-4.42158045083252,9.825553298392631e-5
no pika No S. chamaejasme - pika S. chamaejasme,31.312511854738986,25.57060638627748,183,1.2245510091439564,0.6120784457277685
pika No S. chamaejasme - no pika S. chamaejasme,-121.29167183235298,25.570606386694045,183,-4.743402248586036,2.4915626499644183e-5
pika No S. chamaejasme - pika S. chamaejasme,23.083333338900445,25.570606387046215,183,0.9027292114040051,0.803392354168459
no pika S. chamaejasme - pika S. chamaejasme,144.37500517125343,25.570606387396506,183,5.646131459847367,3.686843405015239e-7
