pika_treatment,posion_plant_treatment,response,SE,df,asymp.LCL,asymp.UCL
no pika,No S. chamaejasme,0.14732626733472526,0.011766461867681002,Inf,0.1257237136541049,0.17191081962575866
pika,No S. chamaejasme,0.15487227565335493,0.012184129567033653,Inf,0.1324649128638052,0.18028232554341012
no pika,S. chamaejasme,0.14175303961928407,0.011485507800522508,Inf,0.1206976235820093,0.16578898099970826
pika,S. chamaejasme,0.1814312884486047,0.01341686008646221,Inf,0.15660021889728346,0.2092229283837692
