pika_treatment,posion_plant_treatment,response,SE,df,asymp.LCL,asymp.UCL,.group
no pika,S. chamaejasme,0.14175303961928407,0.011485507800522508,Inf,0.115478131771916,0.17283812521217395,a
no pika,No S. chamaejasme,0.14732626733472526,0.011766461867681002,Inf,0.12035826598774102,0.17910649188288708,a
pika,No S. chamaejasme,0.15487227565335493,0.012184129567033653,Inf,0.12688746305921705,0.18770223011693285,ab
pika,S. chamaejasme,0.1814312884486047,0.01341686008646221,Inf,0.1503688023656809,0.21726961388474195,b
