contrast,odds.ratio,SE,df,null,z.ratio,p.value
no pika No S. chamaejasme / pika No S. chamaejasme,0.9428573054691318,0.08635079428712163,Inf,1,-0.6424727548840911,0.9181981594524673
no pika No S. chamaejasme / no pika S. chamaejasme,1.046109617920195,0.09711682497088349,Inf,1,0.4855666773194361,0.9623280494675943
no pika No S. chamaejasme / pika S. chamaejasme,0.7795433246756696,0.06933995604332605,Inf,1,-2.7998710522762447,0.026292861758430486
pika No S. chamaejasme / no pika S. chamaejasme,1.1095100094702968,0.10234205634323792,Inf,1,1.1266003766742323,0.6730641305672695
pika No S. chamaejasme / pika S. chamaejasme,0.8267882320621113,0.07309793319492171,Inf,1,-2.151369285543772,0.1371015854097981
no pika S. chamaejasme / pika S. chamaejasme,0.7451832115122938,0.06681637022926674,Inf,1,-3.2802910054194125,0.005719682519372382
