pika_treatment,posion_plant_treatment,response,SE,df,asymp.LCL,asymp.UCL,.group
no pika,S. chamaejasme,0.12053701987686291,0.011868182767189144,Inf,0.09914296356151316,0.14580051480080472,a
pika,No S. chamaejasme,0.2319167238523007,0.01722141951322304,Inf,0.19988622644719814,0.2673647753066315,b
pika,S. chamaejasme,0.23553732148330644,0.01736249893675433,Inf,0.2032189083246576,0.27124572817071485,b
no pika,No S. chamaejasme,0.2480340736107516,0.017865617589998755,Inf,0.2146931393485674,0.2846757817929823,b
