pika_treatment,posion_plant_treatment,response,SE,df,asymp.LCL,asymp.UCL
no pika,No S. chamaejasme,0.2664021851120427,0.01234811874058599,Inf,0.24290992171808176,0.2912922784737878
pika,No S. chamaejasme,0.26996947703484303,0.012404353345093442,Inf,0.24635734519409122,0.2949589854450419
no pika,S. chamaejasme,0.16686896769789525,0.010275243855219388,Inf,0.1476889707500745,0.18799042540659835
pika,S. chamaejasme,0.28296669263206575,0.012600842159688984,Inf,0.25893405525907565,0.308301920750457
