contrast,odds.ratio,SE,df,null,z.ratio,p.value
no pika No S. chamaejasme / pika No S. chamaejasme,0.981987833361086,0.08707247911215363,Inf,1,-0.20498973851949673,0.9969544228198121
no pika No S. chamaejasme / no pika S. chamaejasme,1.8130821643291721,0.1750638308139349,Inf,1,6.162524279586845,4.293309485703389e-9
no pika No S. chamaejasme / pika S. chamaejasme,0.9202032542170647,0.08107028998643115,Inf,1,-0.9439308929651261,0.781111744569282
pika No S. chamaejasme / no pika S. chamaejasme,1.8463387251178753,0.1779558243930045,Inf,1,6.362159951301554,1.1932206334108741e-9
pika No S. chamaejasme / pika S. chamaejasme,0.9370821337647852,0.0823977882812952,Inf,1,-0.7390449363107051,0.8813350262648632
no pika S. chamaejasme / pika S. chamaejasme,0.5075353297943525,0.048661935657417305,Inf,1,-7.073390122178253,9.100387110549946e-12
