pika_treatment,posion_plant_treatment,response,SE,df,asymp.LCL,asymp.UCL,.group
no pika,S. chamaejasme,0.16686896769789525,0.010275243855219388,Inf,0.14281721216569046,0.194054277847043,a
no pika,No S. chamaejasme,0.2664021851120427,0.01234811874058599,Inf,0.2367937119723518,0.29826602449665507,b
pika,No S. chamaejasme,0.26996947703484303,0.012404353345093442,Inf,0.24020560030676674,0.3019557028262294,b
pika,S. chamaejasme,0.28296669263206575,0.012600842159688984,Inf,0.2526571164440776,0.31537790158343226,b
