pika_treatment,posion_plant_treatment,emmean,SE,df,lower.CL,upper.CL
no pika,No S. chamaejasme,81.22081650878731,5.808753048526908,185,69.76090219438765,92.68073082318696
pika,No S. chamaejasme,87.41664727399642,5.808753048528475,185,75.95673295959368,98.87656158839916
no pika,S. chamaejasme,92.57706452157234,5.808753048517913,185,81.11715020719043,104.03697883595424
pika,S. chamaejasme,95.52500228851794,5.80875304851811,185,84.06508797413565,106.98491660290023
