pika_treatment,posion_plant_treatment,response,SE,df,asymp.LCL,asymp.UCL,.group
no pika,No S. chamaejasme,80.95793278125909,5.462796334447196,Inf,68.43266407345162,95.77570841287114,a
pika,No S. chamaejasme,87.1757171767159,5.776249714693684,Inf,73.91221926937709,102.8193408396734,a
no pika,S. chamaejasme,92.2746615142217,6.032085203341627,Inf,78.40878803780909,108.59258726787617,a
pika,S. chamaejasme,95.21303501392445,6.178650837032416,Inf,81.00202265301097,111.91723045481044,a
