pika_treatment,posion_plant_treatment,emmean,SE,df,lower.CL,upper.CL,.group
no pika,No S. chamaejasme,81.22081650878731,5.808753048526908,185,66.60952674831678,95.83210626925784,a
pika,No S. chamaejasme,87.41664727399642,5.808753048528475,185,72.80535751352194,102.0279370344709,a
no pika,S. chamaejasme,92.57706452157234,5.808753048517913,185,77.96577476112444,107.18835428202024,a
pika,S. chamaejasme,95.52500228851794,5.80875304851811,185,80.91371252806954,110.13629204896634,a
