pika_treatment,posion_plant_treatment,emmean,SE,df,lower.CL,upper.CL
no pika,No S. chamaejasme,20.208539829845527,17.10490254834814,89,-13.77853719085293,54.195616850543985
pika,No S. chamaejasme,169.87484973752524,17.10490254829015,89,135.887772716942,203.86192675810847
no pika,S. chamaejasme,17.791741833207535,17.10490254835585,89,-16.19533518750624,51.77881885392131
pika,S. chamaejasme,195.87503011791125,17.104902548321363,89,161.887953097266,229.8621071385565
