pika_treatment,posion_plant_treatment,emmean,SE,df,lower.CL,upper.CL,.group
no pika,S. chamaejasme,17.791741833207535,17.10490254835585,89,-25.69414863965753,61.277632306072604,a
no pika,No S. chamaejasme,20.208539829845527,17.10490254834814,89,-23.27735064299994,63.694430302690996,a
pika,No S. chamaejasme,169.87484973752524,17.10490254829015,89,126.38895926482721,213.36074021022327,b
pika,S. chamaejasme,195.87503011791125,17.104902548321363,89,152.38913964513387,239.36092059068864,b
