pika_treatment,posion_plant_treatment,response,SE,df,asymp.LCL,asymp.UCL
no pika,No S. chamaejasme,0.08422705919293391,0.0017197029313848007,Inf,0.08091716575066936,0.08765942975172368
pika,No S. chamaejasme,0.0867159935779721,0.001758759583057391,Inf,0.08333032615992868,0.09022567938080939
no pika,S. chamaejasme,0.07307979879485729,0.0015407229369757355,Inf,0.07011691694018847,0.07615762714662976
pika,S. chamaejasme,0.08509493063026333,0.001733270059719794,Inf,0.08175871317538508,0.08855415575481806
