contrast,odds.ratio,SE,df,null,z.ratio,p.value
no pika No S. chamaejasme / pika No S. chamaejasme,0.9686580194920794,0.016439475302394254,Inf,1,-1.8763133740331526,0.23823675367052433
no pika No S. chamaejasme / no pika S. chamaejasme,1.1665647113137056,0.020608148499417882,Inf,1,8.721054801148052,3.241851231905457e-14
no pika No S. chamaejasme / pika S. chamaejasme,0.9888631107723785,0.016853060944237313,Inf,1,-0.6571294439757208,0.9130729161172155
pika No S. chamaejasme / no pika S. chamaejasme,1.20431017741989,0.0211450029327315,Inf,1,10.588299087494761,3.6637359812630166e-14
pika No S. chamaejasme / pika S. chamaejasme,1.0208588489164563,0.017282854199139757,Inf,1,1.2194107210781808,0.6144649209107387
no pika S. chamaejasme / pika S. chamaejasme,0.8476710303184024,0.014941987254172546,Inf,1,-9.37548414057758,3.7969627442180354e-14
