pika_treatment,posion_plant_treatment,response,SE,df,asymp.LCL,asymp.UCL
no pika,No S. chamaejasme,0.2665618725139826,0.015040174749302387,Inf,0.23813795048181344,0.29705562691602283
pika,No S. chamaejasme,0.2697843091569098,0.015127928826633337,Inf,0.24117923765544513,0.3004388171050003
no pika,S. chamaejasme,0.1661471054765273,0.011920102300972969,Inf,0.14407882953459272,0.19084187473244063
pika,S. chamaejasme,0.282813486688085,0.01543921180937972,Inf,0.2535554587506536,0.31402730626251657
