effect,component,term,estimate,std.error,statistic,p.value
fixed,cond,(Intercept),-5.939231391478255,0.0553037639975875,-107.39289629069985,0
fixed,cond,pika_treatmentpika,0.0273124921682327,0.063558776174757,0.42972023396322295,0.6673991628547786
fixed,cond,posion_plant_treatmentS. chamaejasme,-0.46421368279719066,0.07237444463285779,-6.414055197964711,1.416988643952318e-10
fixed,cond,pika_treatmentpika:posion_plant_treatmentS. chamaejasme,0.5047568124895168,0.09565354038371654,5.276927654372983,1.3136771801464867e-7
