contrast,odds.ratio,SE,df,null,z.ratio,p.value
no pika No S. chamaejasme / pika No S. chamaejasme,0.9837143829875473,0.0863487856773943,Inf,1,-0.18705857208167817,0.9976796824324381
no pika No S. chamaejasme / no pika S. chamaejasme,1.8240267733935662,0.17469976654002123,Inf,1,6.2754808282802825,2.0904579178804283e-9
no pika No S. chamaejasme / pika S. chamaejasme,0.9216510998320178,0.08037851722561055,Inf,1,-0.9355257305150411,0.7857311865737037
pika No S. chamaejasme / no pika S. chamaejasme,1.8542239545730586,0.17723788039574007,Inf,1,6.459796963083312,6.289114784507888e-10
pika No S. chamaejasme / pika S. chamaejasme,0.9369092449710423,0.08158510607976675,Inf,1,-0.7483878970740122,0.8773894491887294
no pika S. chamaejasme / pika S. chamaejasme,0.5052837563986541,0.04805241405449038,Inf,1,-7.178087537583745,4.270361841918202e-12
