contrast,odds.ratio,SE,df,null,z.ratio,p.value
no pika No S. chamaejasme / pika No S. chamaejasme,0.9730571212795713,0.06184631977666165,Inf,1,-0.42972023396322295,0.9733919782550089
no pika No S. chamaejasme / no pika S. chamaejasme,1.5907628527812905,0.11513057801262641,Inf,1,6.414055197964711,8.49953663006886e-10
no pika No S. chamaejasme / pika S. chamaejasme,0.9343953701039625,0.0588529522854768,Inf,1,-1.0773287734909034,0.7034098119047049
pika No S. chamaejasme / no pika S. chamaejasme,1.6348093220770383,0.11756604551328374,Inf,1,6.834894967931456,4.9263593204784684e-11
pika No S. chamaejasme / pika S. chamaejasme,0.9602677475657662,0.060054134764427114,Inf,1,-0.6482860835750167,0.9161857245782558
no pika S. chamaejasme / pika S. chamaejasme,0.5873882260138683,0.041945752954469145,Inf,1,-7.450843600747641,5.827560656257447e-13
