contrast,odds.ratio,SE,df,null,z.ratio,p.value
no pika No S. chamaejasme / pika No S. chamaejasme,0.9730504032396959,0.06184456810432538,Inf,1,-0.42983806580428013,0.9733710803859652
no pika No S. chamaejasme / no pika S. chamaejasme,1.5907510614259832,0.11512730715475157,Inf,1,6.414087461751359,8.497736958545943e-10
no pika No S. chamaejasme / pika S. chamaejasme,0.9343918373259071,0.05885069597056389,Inf,1,-1.077426033946511,0.7033506164715922
pika No S. chamaejasme / no pika S. chamaejasme,1.6348084910398275,0.11756266161394711,Inf,1,6.83508115870586,4.920042151468351e-11
pika No S. chamaejasme / pika S. chamaejasme,0.9602707467310242,0.06005229558161422,Inf,1,-0.6482580204051323,0.9161955038862146
no pika S. chamaejasme / pika S. chamaejasme,0.5873903591730426,0.04194474839639821,Inf,1,-7.450998247772435,5.81756864903582e-13
