pika_treatment,posion_plant_treatment,response,SE,df,asymp.LCL,asymp.UCL,.group
no pika,S. chamaejasme,0.0016531110877447735,1.073559756489781e-4,Inf,0.0014555191030186684,0.001877476464830656,a
no pika,No S. chamaejasme,0.002627122629607962,1.4490582485759824e-4,Inf,0.0023578905699088593,0.002927006338178927,b
pika,No S. chamaejasme,0.0026996869671978103,1.4759637276296646e-4,Inf,0.002425326945962785,0.0030049898992736837,b
pika,S. chamaejasme,0.0028110670569112517,1.5173284299702284e-4,Inf,0.0025288281716374385,0.0031247075406752585,b
