pika_treatment,posion_plant_treatment,response,SE,df,asymp.LCL,asymp.UCL,.group
no pika,S. chamaejasme,0.0016531056504584397,1.0735707241278106e-4,Inf,0.0014555118131709586,0.0018774735163212496,a
no pika,No S. chamaejasme,0.0026271334192876344,1.4490866943283552e-4,Inf,0.002357896295632805,0.002927023269914991,b
pika,No S. chamaejasme,0.0026996794655500572,1.4759852498225204e-4,Inf,0.0024253156938186375,0.0030049871377552943,b
pika,S. chamaejasme,0.0028110680016298086,1.517363017848322e-4,Inf,0.002528823011247713,0.0031247160128272436,b
