pika_treatment,posion_plant_treatment,emmean,SE,df,lower.CL,upper.CL
no pika,No S. chamaejasme,284.04397797456755,10.24846265134343,185,263.82509401486726,304.26286193426785
pika,No S. chamaejasme,295.37106758328076,10.248462651321121,185,275.1521836236245,315.589951542937
no pika,S. chamaejasme,187.00874982172883,10.248462651332199,185,166.7898658620507,207.22763378140695
pika,S. chamaejasme,277.2730941979488,10.248462651350106,185,257.0542102382354,297.49197815766223
