pika_treatment,posion_plant_treatment,response,SE,df,asymp.LCL,asymp.UCL,.group
no pika,S. chamaejasme,186.76884461710472,8.569187115705727,Inf,166.59828570818775,209.3815141694093,a
pika,S. chamaejasme,276.96568901052973,11.346184799073987,Inf,250.09747139987206,306.72038569485795,b
no pika,No S. chamaejasme,283.762846107015,11.548605105675543,Inf,256.40631615672237,314.0381018599272,b
pika,No S. chamaejasme,295.1138218882159,11.891220253209164,Inf,266.93174674682166,326.2712994272444,b
