pika_treatment,posion_plant_treatment,emmean,SE,df,lower.CL,upper.CL,.group
no pika,S. chamaejasme,187.00874982172883,10.248462651332199,185,161.22985095186732,212.78764869159033,a
pika,S. chamaejasme,277.2730941979488,10.248462651350106,185,251.49419532804228,303.05199306785534,b
no pika,No S. chamaejasme,284.04397797456755,10.24846265134343,185,258.2650791046778,309.8228768444573,b
pika,No S. chamaejasme,295.37106758328076,10.248462651321121,185,269.5921687134471,321.1499664531144,b
