pika_treatment,posion_plant_treatment,response,SE,df,asymp.LCL,asymp.UCL
no pika,No S. chamaejasme,0.30826216140221485,0.005310798866661167,Inf,0.2979517348845888,0.3187673738311349
pika,No S. chamaejasme,0.3101346651930534,0.005326325961594261,Inf,0.2997931157695014,0.3206695795245425
no pika,S. chamaejasme,0.295464339307762,0.005204104793445609,Inf,0.285367690122129,0.3057653735209796
pika,S. chamaejasme,0.31371621102756325,0.005355270379661815,Inf,0.3033165792424508,0.32430642712162755
