pika_treatment,posion_plant_treatment,response,SE,df,asymp.LCL,asymp.UCL,.group
no pika,S. chamaejasme,0.295464339307762,0.005204104793445609,Inf,0.2826684712535634,0.3085902656928421,a
no pika,No S. chamaejasme,0.30826216140221485,0.005310798866661167,Inf,0.2951930605686153,0.3216458171966455,b
pika,No S. chamaejasme,0.3101346651930534,0.005326325961594261,Inf,0.29702578151205833,0.3235558088157119,b
pika,S. chamaejasme,0.31371621102756325,0.005355270379661815,Inf,0.30053306173996797,0.3272071294352247,b
