active_burrows,emmean,SE,df,lower.CL,upper.CL
195.875,0.3933485079542679,0.01909227835363188,17.21776444250512,0.35310609567553164,0.43359092023300416
