contrast,odds.ratio,SE,df,null,z.ratio,p.value
no pika No S. chamaejasme / pika No S. chamaejasme,0.9745337918918417,0.024389130498155123,Inf,1,-1.0307524513049389,0.7313807835911235
no pika No S. chamaejasme / no pika S. chamaejasme,1.0518560135859585,0.026197049686460454,Inf,1,2.02991868232109,0.1769421394825199
no pika No S. chamaejasme / pika S. chamaejasme,1.003190503817587,0.02505774718804161,Inf,1,0.1275289453067172,0.9992595691189068
pika No S. chamaejasme / no pika S. chamaejasme,1.0793427814791448,0.026932180625812423,Inf,1,3.0599202805208936,0.01187745837370835
pika No S. chamaejasme / pika S. chamaejasme,1.0294055600371892,0.025756482623471084,Inf,1,1.1582997342940067,0.653218328284756
no pika S. chamaejasme / pika S. chamaejasme,0.9537336772906185,0.023751515026413438,Inf,1,-1.9021581362103992,0.22705734124067134
