pika_treatment,posion_plant_treatment,response,SE,df,asymp.LCL,asymp.UCL
no pika,No S. chamaejasme,0.08920203869979242,0.0017864988157660232,Inf,0.08576200174835719,0.09276605940209712
pika,No S. chamaejasme,0.09165324716194506,0.0018253518935636367,Inf,0.08813785183841034,0.09529420182419306
no pika,S. chamaejasme,0.07809704285493371,0.0016127441199069797,Inf,0.07499409607252873,0.0813170903035375
pika,S. chamaejasme,0.09005360065708934,0.0018009261643628645,Inf,0.08658562573450126,0.0936462362017448
