pika_treatment,posion_plant_treatment,response,SE,df,asymp.LCL,asymp.UCL,.group
no pika,S. chamaejasme,0.07809704285493371,0.0016127441199069797,Inf,0.0741732210891044,0.08221000613952742,a
no pika,No S. chamaejasme,0.08920203869979242,0.0017864988157660232,Inf,0.08485101002539068,0.09375332426852036,b
pika,S. chamaejasme,0.09005360065708934,0.0018009261643628645,Inf,0.08566718262874808,0.09464136869192648,b
pika,No S. chamaejasme,0.09165324716194506,0.0018253518935636367,Inf,0.08720672014302158,0.09630257547823709,b
