pika_treatment,posion_plant_treatment,emmean,SE,df,lower.CL,upper.CL
no pika,No S. chamaejasme,0.32152774942586804,0.029781131579015973,183,0.26276922197422864,0.38028627687750743
pika,No S. chamaejasme,0.33194445852604926,0.029781131579016146,183,0.2731859310744095,0.390702985977689
no pika,S. chamaejasme,0.21319441941191009,0.029781131579016164,183,0.1544358919602703,0.27195294686354987
pika,S. chamaejasme,0.35555555039786524,0.029781131579016094,183,0.2967970229462256,0.41431407784950486
