effect,component,group,term,estimate,std.error,statistic,p.value
fixed,cond,NA,(Intercept),0.3215277516624934,0.029781147374166754,10.796352055307253,3.581517099246086e-27
fixed,cond,NA,pika_treatmentpika,0.010416677441223706,0.014074030734162208,0.7401346236895073,0.45921831162910076
fixed,cond,NA,posion_plant_treatmentS. chamaejasme,-0.10833329993161411,0.01407403073416256,-7.697389751228237,1.3887381821056402e-14
fixed,cond,NA,pika_treatmentpika:posion_plant_treatmentS. chamaejasme,0.13194440302378943,0.01990368514150831,6.629144406460935,3.376381535052392e-11
ran_pars,cond,block,sd__(Intercept),0.00794935456223937,NA,NA,NA
ran_pars,cond,year,sd__(Intercept),0.013893419430191428,NA,NA,NA
ran_pars,cond,month,sd__(Intercept),0.04501886128550978,NA,NA,NA
ran_pars,cond,Residual,sd__Observation,0.0689483878458904,NA,NA,NA
