pika_treatment,posion_plant_treatment,emmean,SE,df,lower.CL,upper.CL,.group
no pika,S. chamaejasme,0.2131944517308793,0.029781147374166775,184,0.1544380186775133,0.2719508847842453,a
no pika,No S. chamaejasme,0.3215277516624934,0.029781147374166754,184,0.26277131860912745,0.3802841847158594,b
pika,No S. chamaejasme,0.33194442910371713,0.02978114737416673,184,0.2731879960503512,0.39070086215708305,b
pika,S. chamaejasme,0.3555555321958924,0.02978114737416672,184,0.29679909914252656,0.4143119652492583,b
