effect,component,group,term,estimate,std.error,statistic,p.value
fixed,cond,NA,(Intercept),5.6481388403946795,0.04069808737864237,138.78143186057244,0
fixed,cond,NA,pika_treatmentpika,0.03922227843842758,0.04273798735683711,0.9177380794969257,0.35875600662655016
fixed,cond,NA,posion_plant_treatmentS. chamaejasme,-0.4182671132150599,0.04804558139862591,-8.70563121600652,3.158121578934449e-18
fixed,cond,NA,pika_treatmentpika:posion_plant_treatmentS. chamaejasme,0.35479962650923735,0.06443605290637631,5.506228431228566,3.666027776513777e-8
ran_pars,cond,block,sd__(Intercept),0.03823351719476745,NA,NA,NA
ran_pars,cond,year,sd__(Intercept),0.016012147682176462,NA,NA,NA
ran_pars,cond,month,sd__(Intercept),0.02639835008648882,NA,NA,NA
