pika_treatment,posion_plant_treatment,response,SE,df,asymp.LCL,asymp.UCL,.group
no pika,No S. chamaejasme,80.95793278125909,5.462796334447196,Inf,70.9288479022655,92.40509431713922,a
pika,No S. chamaejasme,87.1757171767159,5.776249714693684,Inf,76.55878712884062,99.26496944740516,a
no pika,S. chamaejasme,92.2746615142217,6.032085203341627,Inf,81.1780435554565,104.88812965475647,a
pika,S. chamaejasme,95.21303501392445,6.178650837032416,Inf,83.84158202187152,108.12680078243163,a
