pika_treatment,posion_plant_treatment,response,SE,df,asymp.LCL,asymp.UCL
no pika,No S. chamaejasme,0.0014757622556768558,1.1872768288881542e-4,Inf,0.0012604573428940033,0.0017277808353554855
pika,No S. chamaejasme,0.0015399334468467597,1.2310017428669655e-4,Inf,0.0013165891008244325,0.0018010972878321188
no pika,S. chamaejasme,0.0014146898640111558,1.149562898422014e-4,Inf,0.0012063853277811552,0.0016589022572185874
pika,S. chamaejasme,0.001798866472641259,1.3880805759985203e-4,Inf,0.0015463512185410085,0.0020925304115501668
