pika_treatment,posion_plant_treatment,response,SE,df,asymp.LCL,asymp.UCL
no pika,No S. chamaejasme,0.005005651653119234,2.641324820595247e-4,Inf,0.004513714683906868,0.0055509044780616195
pika,No S. chamaejasme,0.005237168291841009,2.7383511397638963e-4,Inf,0.004726920092433816,0.005802174225818846
no pika,S. chamaejasme,0.0028023514584019343,1.7268381894890833e-4,Inf,0.0024834883132454303,0.003162024705065295
pika,S. chamaejasme,0.0051435947465405885,2.697144703947098e-4,Inf,0.004641099279108139,0.005700184225414024
