contrast,odds.ratio,SE,df,null,z.ratio,p.value
no pika No S. chamaejasme / pika No S. chamaejasme,0.9231606023644788,0.11047811234284477,Inf,1,-0.6680833839867285,0.9091313994772272
no pika No S. chamaejasme / no pika S. chamaejasme,2.5829279544178836,0.32200822875211343,Inf,1,7.611610914766175,1.8685053504441385e-13
no pika No S. chamaejasme / pika S. chamaejasme,0.8718403973978405,0.1035991088721385,Inf,1,-1.1541793632577235,0.6558098517742325
pika No S. chamaejasme / no pika S. chamaejasme,2.7979183121574565,0.3502930372605693,Inf,1,8.218005503540027,4.729550084903167e-14
pika No S. chamaejasme / pika S. chamaejasme,0.9444081508296686,0.11268646105104327,Inf,1,-0.479358073121904,0.9636747183238624
no pika S. chamaejasme / pika S. chamaejasme,0.33753957244786087,0.041942533258338084,Inf,1,-8.740350829270556,3.175237850427948e-14
