pika_treatment,posion_plant_treatment,response,SE,df,asymp.LCL,asymp.UCL,.group
no pika,S. chamaejasme,0.287156844987738,0.029546684486871037,Inf,0.23287644383621497,0.34834410499539975,a
no pika,No S. chamaejasme,0.5099213897919616,0.03491079552971613,Inf,0.4417377028793534,0.5777379215856869,b
pika,No S. chamaejasme,0.5298750785386613,0.03490158323673995,Inf,0.46133710782636966,0.5973045553320154,b
pika,S. chamaejasme,0.5440950649380798,0.034572521783522006,Inf,0.4759364835955887,0.6106410947757888,b
