contrast,odds.ratio,SE,df,null,z.ratio,p.value
no pika No S. chamaejasme / pika No S. chamaejasme,0.9582670064822185,0.07364995729575163,Inf,1,-0.5546479639886202,0.9453139055882808
no pika No S. chamaejasme / no pika S. chamaejasme,1.043233965801757,0.08150961485438711,Inf,1,0.5417197583760441,0.9487845301118336
no pika No S. chamaejasme / pika S. chamaejasme,0.8201190852049812,0.0607878534339904,Inf,1,-2.6754408863800476,0.03745570139855292
pika No S. chamaejasme / no pika S. chamaejasme,1.088667311662384,0.08445964429282853,Inf,1,1.0950432998694994,0.6925795375320566
pika No S. chamaejasme / pika S. chamaejasme,0.8558356696591529,0.06302278637313309,Inf,1,-2.1140582347736347,0.14855436724069926
no pika S. chamaejasme / pika S. chamaejasme,0.7861315027015007,0.058885476619486274,Inf,1,-3.2124689013386556,0.007201879479295847
