effect,component,term,estimate,std.error,statistic,p.value
fixed,cond,(Intercept),-5.29216796747403,0.053034134356691756,-99.78795791933716,0
fixed,cond,pika_treatmentpika,0.045447473739838214,0.05108778767982728,0.8895956510127718,0.37368304227117055
fixed,cond,posion_plant_treatmentS. chamaejasme,-0.582320797986263,0.06041641982838128,-9.638452586902732,5.501094455982272e-22
fixed,cond,pika_treatmentpika:posion_plant_treatmentS. chamaejasme,0.5641971348783643,0.07890437498616847,7.1503910268253845,8.65310524320384e-13
