pika_treatment,posion_plant_treatment,response,SE,df,asymp.LCL,asymp.UCL,.group
no pika,S. chamaejasme,0.0028023552500141694,1.726883888361846e-4,Inf,0.0024834841391245706,0.0031620385694714507,a
no pika,No S. chamaejasme,0.005005659048809233,2.641419382534633e-4,Inf,0.004513705322043779,0.005550932372805328,b
pika,S. chamaejasme,0.005143605244455192,2.6972437096340555e-4,Inf,0.004641092207346036,0.005700216156536124,b
pika,No S. chamaejasme,0.005237183426039956,2.738452293225718e-4,Inf,0.004726917249056968,0.005802211227114078,b
