contrast,odds.ratio,SE,df,null,z.ratio,p.value
no pika No S. chamaejasme / pika No S. chamaejasme,0.9555697937613551,0.04881794673693645,Inf,1,-0.8895956510127718,0.8102829761593412
no pika No S. chamaejasme / no pika S. chamaejasme,1.7901882787603736,0.10815676662143399,Inf,1,9.638452586902732,2.8976820942716586e-14
no pika No S. chamaejasme / pika S. chamaejasme,0.9730461078301872,0.04989327293697407,Inf,1,-0.5328840146462909,0.9510800970793367
pika No S. chamaejasme / no pika S. chamaejasme,1.8734249349948133,0.11244951313442166,Inf,1,10.458708987422655,3.83026943495679e-14
pika No S. chamaejasme / pika S. chamaejasme,1.0182888933732839,0.05170088392708005,Inf,1,0.35695956138858004,0.9844218076635627
no pika S. chamaejasme / pika S. chamaejasme,0.543544005608158,0.032702868162999006,Inf,1,-10.132709795181693,4.0190073491430667e-14
