pika_treatment,posion_plant_treatment,response,SE,df,asymp.LCL,asymp.UCL,.group
no pika,S. chamaejasme,0.14175293376538378,0.011485511093371939,Inf,0.1206975133676169,0.16578888395465197,a
no pika,No S. chamaejasme,0.1473263385310883,0.011766473088136999,Inf,0.1257237647743533,0.17191091478163756,a
pika,No S. chamaejasme,0.1548721842413125,0.012184134746071475,Inf,0.1324648135845513,0.18028224679172355,ab
pika,S. chamaejasme,0.18143127433520126,0.013416869645552726,Inf,0.15660018826811692,0.20922293530663477,b
