contrast,odds.ratio,SE,df,null,z.ratio,p.value
no pika No S. chamaejasme / pika No S. chamaejasme,0.9555711507454516,0.04881803956715661,Inf,1,-0.8895674258948973,0.8102976888731634
no pika No S. chamaejasme / no pika S. chamaejasme,1.7901880494597076,0.10815673328086037,Inf,1,9.638452203425356,2.8976820942716586e-14
no pika No S. chamaejasme / pika S. chamaejasme,0.9730466591765443,0.0498933023147305,Inf,1,-0.5328729523084416,0.9510829323339337
pika No S. chamaejasme / no pika S. chamaejasme,1.873422034626267,0.11244940331676273,Inf,1,10.458677216914241,3.8191672047105385e-14
pika No S. chamaejasme / pika S. chamaejasme,1.0182880243061543,0.05170087639445326,Inf,1,0.35694249922915594,0.9844239709859769
no pika S. chamaejasme / pika S. chamaejasme,0.5435443832117063,0.03270289408642405,Inf,1,-10.132697255794389,3.9968028886505635e-14
