pika_treatment,posion_plant_treatment,response,SE,df,asymp.LCL,asymp.UCL
no pika,No S. chamaejasme,0.2505821273501085,0.01969988861458024,Inf,0.2139770989731963,0.29112982527437986
pika,No S. chamaejasme,0.2595879310075379,0.0200133713674774,Inf,0.22232022414953906,0.30068738652888694
no pika,S. chamaejasme,0.21215221027542924,0.01789268888969244,Inf,0.1791944642643369,0.2493302974179391
pika,S. chamaejasme,0.23582346719982225,0.018970707210099535,Inf,0.20068158810453093,0.2750019499390202
