contrast,odds.ratio,SE,df,null,z.ratio,p.value
no pika No S. chamaejasme / pika No S. chamaejasme,0.9537071486852788,0.09037567108490369,Inf,1,-0.5001833852739809,0.9590401228808421
no pika No S. chamaejasme / no pika S. chamaejasme,1.2417117932167017,0.12135719750461754,Inf,1,2.2151080996692047,0.11908941090146552
no pika No S. chamaejasme / pika S. chamaejasme,1.0835094966025431,0.10354333613767888,Inf,1,0.8392931378422184,0.8357217491043462
pika No S. chamaejasme / no pika S. chamaejasme,1.3019843616863396,0.1259431954876467,Inf,1,2.728055640359725,0.03231832314425587
pika No S. chamaejasme / pika S. chamaejasme,1.1361029411347097,0.10780103596839347,Inf,1,1.3448034401700195,0.5342714694000356
no pika S. chamaejasme / pika S. chamaejasme,0.872593384810875,0.08542945411086755,Inf,1,-1.392048136781952,0.504307971150409
