pika_treatment,posion_plant_treatment,response,SE,df,asymp.LCL,asymp.UCL,.group
no pika,S. chamaejasme,0.21215221027542924,0.01789268888969244,Inf,0.17098636204559367,0.26011921342074884,a
pika,S. chamaejasme,0.23582346719982225,0.018970707210099535,Inf,0.1918656612605458,0.28628461607739797,ab
no pika,No S. chamaejasme,0.2505821273501085,0.01969988861458024,Inf,0.20475835083385818,0.3027567838372324,ab
pika,No S. chamaejasme,0.2595879310075379,0.0200133713674774,Inf,0.2129084584212958,0.31243916852942505,b
