term,edf,ref.df,statistic,p.value
s(active_pika_burrow_no_100m2),2.1037230714623134,7,13.16612553119305,0.0021934847670732616
s(plot),15.12045470997112,29,1.1716832247383335,0.06373351016382633
