plant_group,emmean,SE,df,lower.CL,upper.CL,.group
Forbs,16.333325984510093,3.233210674199276,84,8.456325856193237,24.210326112826948,a
Sedges,45.33322758354078,3.2332106741916924,84,37.4562274552424,53.21022771183917,b
Grasses,74.33325013763621,3.2332106741810125,84,66.45625000936386,82.21025026590857,c
