pika_treatment,posion_plant_treatment,emmean,SE,df,lower.CL,upper.CL
no pika,No S. chamaejasme,516.9595616646093,13.696779826186452,184,489.9366294453454,543.9824938838732
pika,No S. chamaejasme,533.691497432524,13.69677982558462,184,506.6685652144474,560.7144296506006
no pika,S. chamaejasme,386.1145356411888,13.69677982569541,184,359.0916034228937,413.13746785948393
pika,S. chamaejasme,522.3245110671329,13.696779825990289,184,495.301578848256,549.3474432860098
