pika_treatment,posion_plant_treatment,response,SE,df,asymp.LCL,asymp.UCL
no pika,No S. chamaejasme,0.6246939265996645,0.004353373406280166,Inf,0.6161235247705881,0.6331869030170392
pika,No S. chamaejasme,0.6307221306708274,0.004338774844634089,Inf,0.6221784601089907,0.6391846431869915
no pika,S. chamaejasme,0.6127683053095752,0.004382097065755,Inf,0.6041452970753243,0.6213212128307228
pika,S. chamaejasme,0.6239468030515058,0.00435581437922354,Inf,0.615371838471178,0.6324447808082978
