pika_treatment,posion_plant_treatment,response,SE,df,asymp.LCL,asymp.UCL
no pika,No S. chamaejasme,0.031065415320147248,8.348924757531409e-4,Inf,0.029470117774856277,0.03274415707947781
pika,No S. chamaejasme,0.029638832820177662,8.034732206338321e-4,Inf,0.028103967689700884,0.031254827113047175
no pika,S. chamaejasme,0.030087120591646244,8.132978134222803e-4,Inf,0.028533355423691727,0.0317227321524417
pika,S. chamaejasme,0.03133678894470047,8.409000749064321e-4,Inf,0.02972993835064246,0.0330275307265927
