pika_treatment,posion_plant_treatment,response,SE,df,asymp.LCL,asymp.UCL
no pika,No S. chamaejasme,0.6234078270995224,0.004134343910790911,Inf,0.6152708104811846,0.6314758260630854
pika,No S. chamaejasme,0.6293281268781858,0.004121111048107293,Inf,0.6212153789135858,0.6373685474255373
no pika,S. chamaejasme,0.6116102640555708,0.004158753536513508,Inf,0.6034287262347604,0.6197293802156109
pika,S. chamaejasme,0.6226404150769446,0.004136010810416033,Inf,0.6145003474737883,0.630711894062933
