contrast,odds.ratio,SE,df,null,z.ratio,p.value
no pika No S. chamaejasme / pika No S. chamaejasme,0.9750198370870039,0.024320463555868477,Inf,1,-1.0141882234595827,0.7411295995196083
no pika No S. chamaejasme / no pika S. chamaejasme,1.0512207876161535,0.026103178905449262,Inf,1,2.0116604194043743,0.18358138786651923
no pika No S. chamaejasme / pika S. chamaejasme,1.0032728040385313,0.02498030756838576,Inf,1,0.13122952227875442,0.9991935134563141
pika No S. chamaejasme / no pika S. chamaejasme,1.0781532309709816,0.02681493668016182,Inf,1,3.025575147175863,0.013247670040216875
pika No S. chamaejasme / pika S. chamaejasme,1.0289768124471566,0.025661221322305937,Inf,1,1.1454109127033452,0.6613135356603682
no pika S. chamaejasme / pika S. chamaejasme,0.9543882844189624,0.023693929769808914,Inf,1,-1.8804527375659579,0.236422710794441
