pika_treatment,posion_plant_treatment,response,SE,df,asymp.LCL,asymp.UCL,.group
no pika,S. chamaejasme,0.6116102640555708,0.004158753536513508,Inf,0.6012021524927379,0.6219175644854829,a
pika,S. chamaejasme,0.6226404150769446,0.004136010810416033,Inf,0.6122839302842303,0.6328861290134149,ab
no pika,No S. chamaejasme,0.6234078270995224,0.004134343910790911,Inf,0.6130551447599993,0.6336490456800735,ab
pika,No S. chamaejasme,0.6293281268781858,0.004121111048107293,Inf,0.6190057083661309,0.6395337363070984,b
