pika_treatment,posion_plant_treatment,response,SE,df,asymp.LCL,asymp.UCL
no pika,No S. chamaejasme,0.031140095304861108,0.007745548195078717,Inf,0.01906224898736488,0.05047668789373606
pika,No S. chamaejasme,0.028117315685121436,0.007078737443508934,Inf,0.017114609676846672,0.04586342154658586
no pika,S. chamaejasme,0.23398170729851916,0.03838273209711697,Inf,0.16718838027594424,0.31729303992064095
pika,S. chamaejasme,0.07986153907215333,0.01687378453917416,Inf,0.052436597557148426,0.11981634248808125
