pika_treatment,posion_plant_treatment,response,SE,df,asymp.LCL,asymp.UCL
no pika,No S. chamaejasme,0.24538500965499566,0.019705743856063277,Inf,0.2088358829394877,0.2860182620535109
pika,No S. chamaejasme,0.25435518217586717,0.020032065098540826,Inf,0.21711945421858853,0.2955658899737048
no pika,S. chamaejasme,0.20704667518310982,0.017843903068711163,Inf,0.17424425626990875,0.24419814411212293
pika,S. chamaejasme,0.23062855305615562,0.018953914851250742,Inf,0.19558386258102714,0.26984611744754605
