contrast,odds.ratio,SE,df,null,z.ratio,p.value
no pika No S. chamaejasme / pika No S. chamaejasme,1.1109613278186374,0.23901027154259766,Inf,1,0.48910736942025446,0.9615467703401223
no pika No S. chamaejasme / no pika S. chamaejasme,0.10522433486620511,0.018346976949964514,Inf,1,-12.91381673463594,0
no pika No S. chamaejasme / pika S. chamaejasme,0.3703176933203412,0.06960010406443345,Inf,1,-5.285500412912014,7.49657916743196e-7
pika No S. chamaejasme / no pika S. chamaejasme,0.09471466938710833,0.016798686161649288,Inf,1,-13.288641312841433,0
pika No S. chamaejasme / pika S. chamaejasme,0.3333308586424486,0.06347859577496089,Inf,1,-5.768934358233459,4.7803487279729495e-8
no pika S. chamaejasme / pika S. chamaejasme,3.519316076373471,0.46329939161382894,Inf,1,9.558048672626265,3.1530333899354446e-14
