contrast,odds.ratio,SE,df,null,z.ratio,p.value
no pika No S. chamaejasme / pika No S. chamaejasme,0.9532658038145879,0.09171189979677381,Inf,1,-0.49747887465909035,0.9596609739842662
no pika No S. chamaejasme / no pika S. chamaejasme,1.2453802207997475,0.12368432866619729,Inf,1,2.209555053845722,0.12058261502332146
no pika No S. chamaejasme / pika S. chamaejasme,1.0847897944412839,0.10527177989984125,Inf,1,0.8386573515619903,0.8360329348853734
pika No S. chamaejasme / no pika S. chamaejasme,1.3064354305129111,0.12840283134461278,Inf,1,2.7196698094081557,0.033094070932867536
pika No S. chamaejasme / pika S. chamaejasme,1.1379720011988153,0.10965186383789458,Inf,1,1.3413388058918463,0.536479465850968
no pika S. chamaejasme / pika S. chamaejasme,0.8710510865064669,0.0866764247184092,Inf,1,-1.3873744131356038,0.507257934632671
