pika_treatment,posion_plant_treatment,response,SE,df,asymp.LCL,asymp.UCL
no pika,No S. chamaejasme,0.2531541612615495,0.01764460032818919,Inf,0.2201533648723322,0.2892668456897554
pika,No S. chamaejasme,0.23728513923887168,0.017043128530100336,Inf,0.20551203767299978,0.27228697522627504
no pika,S. chamaejasme,0.12570107523609889,0.01193011401273502,Inf,0.10411858993177378,0.15100327268486802
pika,S. chamaejasme,0.24073386383671452,0.017170297013694588,Inf,0.20870027747394151,0.27596953383870354
