pika_treatment,posion_plant_treatment,response,SE,df,asymp.LCL,asymp.UCL,.group
no pika,S. chamaejasme,0.12570107523609889,0.01193011401273502,Inf,0.09886370257660416,0.15854194466337093,a
pika,No S. chamaejasme,0.23728513923887168,0.017043128530100336,Inf,0.19746828981086015,0.28230632979598524,b
pika,S. chamaejasme,0.24073386383671452,0.017170297013694588,Inf,0.2005829714825468,0.2860459991677548,b
no pika,No S. chamaejasme,0.2531541612615495,0.01764460032818919,Inf,0.21176424445243833,0.2995594326214469,b
